Date,Open,High,Low,Close,Volume,Adj Close
2001-01-03,5.89,7.04,5.82,6.81,41736900,0.69
2001-02-01,6.81,7.35,6.62,6.86,30358200,0.69
2001-03-01,6.87,7.22,5.70,5.87,37962600,0.59
2001-04-02,5.62,6.82,5.57,6.68,34395000,0.67
2001-05-03,6.75,7.56,6.62,7.47,27670200,0.75
2001-06-01,7.47,7.86,6.49,6.75,30358800,0.68
2001-07-02,6.74,6.85,6.25,6.78,38772600,0.68
2001-08-01,6.78,7.12,6.43,6.88,28004400,0.69
2001-09-03,6.84,7.38,6.00,6.41,40997500,0.65
2001-10-01,6.35,6.91,6.01,6.49,33448400,0.66
2001-11-01,6.39,6.80,5.71,6.19,52632100,0.62
2001-12-03,6.12,6.51,5.87,6.39,33612400,0.65
2002-01-02,6.45,6.60,5.79,6.12,27018500,0.62
2002-02-01,6.01,6.92,5.92,6.90,35420400,0.70
2002-03-01,7.05,7.60,6.90,7.22,35412900,0.73
2002-04-01,7.39,7.44,6.70,6.86,34464500,0.69
2002-05-02,6.88,7.09,6.39,6.82,25981200,0.69
2002-06-03,6.85,6.96,5.10,6.11,35459500,0.62
2002-07-01,6.19,6.19,4.75,5.17,42732800,0.52
2002-08-01,5.14,5.78,4.90,5.50,41549900,0.56
2002-09-02,5.50,6.05,4.30,4.62,46283400,0.47
2002-10-01,4.67,5.60,4.34,5.54,44617700,0.56
2002-11-01,5.59,5.78,5.07,5.51,28290000,0.56
2002-12-02,5.62,6.26,5.40,5.80,32137900,0.59
2003-01-02,5.82,6.64,5.51,5.94,40958900,0.60
2003-02-03,5.95,6.04,5.11,5.34,33643500,0.54
2003-03-05,5.24,6.21,5.20,5.80,37388200,0.59
2003-04-01,5.82,6.31,5.69,6.24,38336000,0.63
2003-05-02,6.24,7.03,6.19,6.60,41531500,0.67
2003-06-02,6.58,6.88,6.20,6.38,36881400,0.64
2003-07-01,6.39,7.26,6.34,7.06,33472700,0.71
2003-08-01,7.06,67.50,6.66,7.60,74652300,0.77
2003-09-01,7.55,8.25,7.46,7.58,43513000,0.77
2003-10-01,7.62,8.55,7.62,7.88,40499800,0.80
2003-11-03,7.93,8.71,7.88,8.36,35405700,0.84
2003-12-01,8.38,9.86,8.34,9.55,34840400,0.96
2004-01-02,9.55,11.56,9.55,9.79,49577900,0.99
2004-02-02,9.69,11.06,9.51,10.25,46594300,1.03
2004-03-01,10.33,10.98,10.00,10.69,35669000,1.08
2004-04-01,10.75,11.19,9.13,9.34,44299600,0.94
2004-05-03,9.29,9.99,8.38,8.97,47177700,0.91
2004-06-01,8.94,9.80,8.81,9.66,41916800,0.98
2004-07-01,9.62,9.90,9.20,9.76,37930600,0.99
2004-08-02,9.70,10.66,9.56,10.25,38585000,1.03
2004-09-01,10.25,11.81,10.19,11.73,31547400,1.18
2004-10-01,11.41,12.25,11.02,11.68,41609400,1.18
2004-11-01,11.69,12.06,11.19,11.61,33381100,1.17
2004-12-01,11.69,12.24,11.30,12.14,35886000,1.23
2005-01-03,12.19,12.24,11.29,11.66,32715800,1.18
2005-02-01,11.79,14.20,11.55,13.90,51683700,1.40
2005-03-01,13.68,14.61,12.32,12.89,40289100,1.30
2005-04-01,12.99,13.22,11.41,11.81,32546700,1.25
2005-05-02,11.81,12.74,11.48,12.57,28032900,1.34
2005-06-01,12.60,13.87,12.36,13.41,38439400,1.42
2005-07-01,13.36,13.90,12.90,13.62,36790000,1.45
2005-08-01,13.61,16.25,13.54,16.25,41613900,1.73
2005-09-01,15.87,18.75,15.87,17.83,15550400,7.57
2005-10-03,17.85,18.06,14.62,16.10,11888600,6.84
2005-11-01,16.19,17.34,14.99,17.12,10301600,7.28
2005-12-01,17.22,18.74,17.08,18.60,7675400,7.91
2006-01-02,19.05,23.50,18.36,23.50,11381400,9.99
2006-02-01,23.35,23.65,20.06,22.36,14862600,9.50
2006-03-01,21.93,22.81,20.31,21.57,12908300,9.17
2006-04-03,22.12,23.55,21.45,23.11,11736400,9.99
2006-05-02,22.80,24.19,20.60,22.00,15739800,9.51
2006-06-01,21.80,22.57,18.16,21.59,14497900,9.33
2006-07-03,21.50,22.64,20.65,22.45,10576200,9.70
2006-08-01,22.30,23.32,21.17,21.50,10871100,9.29
2006-09-01,21.65,22.20,18.58,20.30,16501100,8.77
2006-10-02,20.50,21.90,19.16,21.50,14798200,9.29
2006-11-01,21.20,23.08,21.05,22.92,15518000,9.90
2006-12-01,22.81,24.98,22.50,24.90,13510800,10.76
2007-01-02,25.00,25.23,21.60,23.43,19422100,10.32
2007-02-01,23.59,23.80,21.25,21.44,20893600,9.44
2007-03-01,21.08,23.40,19.85,23.07,20747700,10.15
2007-04-02,23.00,24.50,22.49,22.60,18520100,10.10
2007-05-02,22.90,23.90,22.08,22.97,19195900,10.27
2007-06-01,23.25,26.05,23.12,25.82,20175300,11.54
2007-07-02,25.90,28.75,25.53,26.35,16688800,11.78
2007-08-01,26.15,26.60,21.81,26.10,22474100,11.92
2007-09-03,26.10,30.25,26.06,29.60,19420400,13.52
2007-10-01,29.54,37.00,28.65,36.01,24749700,16.73
2007-11-01,35.50,45.44,33.95,35.95,32175200,16.70
2007-12-03,36.38,44.20,35.75,44.20,24158200,20.54
2008-01-02,43.49,43.87,33.10,40.20,26278000,18.82
2008-02-01,40.25,43.22,39.17,40.72,21543300,19.07
2008-03-03,41.00,41.35,33.75,36.99,22304300,17.32
2008-04-01,37.49,43.72,36.76,42.20,28025400,39.72
2008-05-02,44.20,53.68,42.45,49.00,25210300,46.12
2008-06-02,49.29,50.27,43.00,46.21,22939500,43.50
2008-07-01,46.20,46.84,33.59,35.90,21533600,33.79
2008-08-01,34.60,36.07,30.81,34.90,18726000,32.85
2008-09-01,34.79,36.38,26.86,35.10,28830800,33.04
2008-10-01,35.00,35.28,17.80,23.31,40684800,21.94
2008-11-03,23.70,25.68,16.75,20.06,34138300,18.88
2008-12-01,19.23,24.75,17.35,22.84,30392900,21.88
2009-01-02,23.27,25.98,22.52,25.03,24090600,23.98
2009-02-02,24.55,28.15,24.51,26.40,26423900,25.29
2009-03-02,25.95,31.05,24.25,28.55,27777300,27.35
2009-04-01,28.77,31.32,27.95,29.54,22792400,28.64
2009-05-04,31.38,35.20,30.15,34.45,23291200,33.40
2009-06-01,35.29,35.40,30.61,32.45,19497700,31.46
2009-07-01,32.91,32.99,28.50,31.47,17442900,30.81
2009-08-03,31.95,34.20,30.85,31.38,19293900,30.72
2009-09-01,31.75,35.19,31.40,35.00,17567800,34.26
2009-10-01,34.65,37.70,33.55,35.04,17710000,34.30
2009-11-03,34.75,39.65,34.48,38.80,18356000,37.98
2009-12-01,39.25,40.09,35.20,36.69,15927200,35.92
2010-01-04,36.95,37.50,33.51,34.17,19068700,33.45
2010-02-01,34.29,34.89,30.72,34.61,19589300,33.88
2010-03-01,34.82,37.48,34.12,35.39,21152500,34.64
2010-04-01,35.66,36.41,31.90,32.80,20999100,32.11
2010-05-03,32.55,32.63,26.00,29.60,23845800,29.16
2010-06-01,29.00,30.38,26.71,26.86,17958000,26.46
2010-07-01,27.11,28.28,26.31,27.85,12439600,27.43
2010-08-02,27.97,29.54,25.45,26.06,17625700,25.83
2010-09-01,26.30,29.29,25.75,27.50,38323800,27.25
2010-10-01,27.58,27.85,23.90,25.85,37497400,25.62
2010-11-01,26.05,27.77,24.43,24.59,25292100,24.37
2010-12-01,25.03,27.44,24.97,27.29,20647100,27.05
2011-01-03,27.50,28.12,26.25,27.09,23837700,26.85
2011-02-01,27.30,28.90,26.24,28.58,27847200,28.32
2011-03-01,28.50,29.17,27.45,28.51,18954400,28.26
2011-04-04,28.80,28.85,25.26,25.60,21491800,25.47
2011-05-02,25.71,25.89,23.41,24.09,17971000,23.97
2011-06-01,24.00,24.16,22.85,23.72,18227900,23.60
2011-07-01,23.65,24.21,22.38,23.50,16118600,23.38
2011-08-17,20.80,20.96,19.51,20.80,22631300,20.69
2011-09-01,21.12,21.14,18.93,19.10,18975700,19.00
2011-10-03,18.96,21.98,17.90,21.32,25767700,21.21
2011-11-01,20.40,22.94,20.40,22.05,22564300,21.94
2011-12-01,22.33,23.47,21.00,21.49,19790700,21.38
2012-01-02,21.51,25.89,21.26,24.57,24840200,24.44
2012-02-01,24.70,25.88,22.71,24.31,30957600,24.19
2012-03-01,24.51,25.30,22.93,23.35,21396700,23.35
2012-04-02,23.28,23.60,20.81,21.29,19045800,21.29
2012-05-02,21.26,22.25,18.08,19.13,27983000,19.13
2012-06-01,18.53,20.15,17.42,18.25,30203300,18.25
2012-07-02,18.10,20.31,17.97,19.50,26911600,19.50
2012-08-01,19.50,21.88,18.83,20.75,25709700,20.75
2012-09-03,20.77,23.84,20.28,22.37,23399800,22.37
2012-10-01,22.33,23.10,22.02,22.25,21491800,22.25
